                  epoch,         train/box_loss,         train/cls_loss,         train/dfl_loss,   metrics/precision(B),      metrics/recall(B),       metrics/mAP50(B),    metrics/mAP50-95(B),           val/box_loss,           val/cls_loss,           val/dfl_loss,                 lr/pg0,                 lr/pg1,                 lr/pg2
                      0,                  2.303,                 5.3028,                 1.5919,                 0.0011,                0.33673,                0.00081,                0.00029,                 2.2846,                 4.6658,                 1.4796,                0.07015,              0.0033167,              0.0033167
                      1,                 2.0694,                 4.0626,                 1.3416,                 0.0023,                0.70408,                 0.0026,                0.00099,                  2.048,                 4.0841,                 1.3705,               0.040124,              0.0066237,              0.0066237
                      2,                 1.9316,                 3.4087,                 1.3257,                0.49344,                0.36224,                0.34383,                0.15104,                 2.0223,                 3.3024,                 1.5409,               0.010071,              0.0099043,              0.0099043
                      3,                 1.9092,                 2.8442,                 1.3662,                0.72785,                0.35479,                0.42083,                0.19012,                 1.9825,                 3.2023,                 1.3281,              0.0098812,              0.0098812,              0.0098812
                      4,                 1.8542,                 2.6559,                 1.3087,                0.84401,                0.38776,                0.43032,                0.18523,                 1.9529,                 2.9787,                 1.3686,              0.0098812,              0.0098812,              0.0098812
                      5,                 1.7663,                 2.4208,                 1.2163,                0.80158,                 0.5051,                0.59539,                0.23099,                 1.8775,                 2.2101,                 1.4051,              0.0098416,              0.0098416,              0.0098416
                      6,                 1.7826,                 2.1506,                  1.247,                0.72332,                0.45408,                0.53579,                0.24232,                 1.8642,                 2.2886,                 1.3543,               0.009802,               0.009802,               0.009802
                      7,                 1.7377,                 2.0858,                 1.2046,                0.60531,                0.53061,                 0.5232,                0.19954,                 1.9796,                  2.118,                 1.3818,              0.0097624,              0.0097624,              0.0097624
                      8,                 1.7559,                 2.0032,                 1.2231,                 0.6839,                    0.5,                 0.5279,                0.24012,                 1.8125,                 2.2309,                 1.3171,              0.0097228,              0.0097228,              0.0097228
                      9,                 1.8461,                 1.9679,                 1.2453,                0.61253,                 0.5102,                0.51142,                0.21523,                 1.7805,                 2.8707,                 1.2132,              0.0096832,              0.0096832,              0.0096832
                     10,                 1.7353,                 1.7511,                 1.2049,                0.77648,                0.62245,                 0.6511,                0.28638,                 1.7463,                 1.6064,                 1.2561,              0.0096436,              0.0096436,              0.0096436
                     11,                 1.7997,                 1.6616,                 1.2539,                0.74512,                 0.5966,                0.60514,                0.26886,                 1.8613,                 1.7179,                 1.3081,               0.009604,               0.009604,               0.009604
                     12,                 1.6819,                 1.6202,                 1.2065,                0.76468,                0.64661,                0.68109,                0.33927,                 1.7128,                 2.6786,                 1.2421,              0.0095644,              0.0095644,              0.0095644
                     13,                 1.7058,                 1.7027,                 1.1448,                0.77669,                0.53571,                 0.6429,                 0.3072,                 1.8024,                 1.6955,                 1.1948,              0.0095248,              0.0095248,              0.0095248
                     14,                 1.8171,                  1.628,                 1.1721,                0.77936,                0.63076,                0.68746,                0.33332,                   1.79,                 1.4513,                 1.2555,              0.0094852,              0.0094852,              0.0094852
                     15,                  1.697,                 1.3714,                 1.1529,                0.79957,                0.61062,                0.65756,                0.26824,                 1.8914,                 1.7073,                 1.2691,              0.0094456,              0.0094456,              0.0094456
                     16,                 1.6716,                 1.3147,                 1.1656,                0.75971,                0.64524,                0.69522,                0.33644,                 1.7593,                 1.3948,                 1.1738,               0.009406,               0.009406,               0.009406
                     17,                 1.7343,                 1.4741,                 1.1534,                0.64471,                0.66659,                0.62182,                0.25358,                 1.8361,                  1.809,                 1.2256,              0.0093664,              0.0093664,              0.0093664
                     18,                 1.6609,                 1.2888,                 1.1753,                  0.827,                0.67857,                0.74139,                0.35022,                 1.7371,                 1.1925,                 1.2516,              0.0093268,              0.0093268,              0.0093268
                     19,                 1.6877,                 1.3319,                 1.1879,                0.83981,                0.65306,                0.74219,                0.36278,                 1.7028,                 1.2223,                 1.1644,              0.0092872,              0.0092872,              0.0092872
                     20,                 1.6966,                 1.2378,                 1.2121,                 0.7406,                0.68464,                0.73737,                0.35108,                 1.6928,                 1.2699,                 1.1915,              0.0092476,              0.0092476,              0.0092476
                     21,                 1.6082,                 1.2749,                 1.1037,                0.77673,                0.69388,                0.70839,                0.35449,                 1.7259,                 1.4146,                 1.2016,               0.009208,               0.009208,               0.009208
                     22,                 1.7192,                 1.4211,                 1.2219,                0.77081,                0.68367,                0.71774,                0.33916,                 1.7937,                 1.2684,                 1.2871,              0.0091684,              0.0091684,              0.0091684
                     23,                 1.5559,                 1.2181,                 1.0706,                0.81176,                0.68367,                0.73822,                0.36135,                 1.7332,                 1.3707,                  1.235,              0.0091288,              0.0091288,              0.0091288
                     24,                 1.5441,                 1.1462,                 1.0974,                0.70406,                0.67857,                0.71117,                 0.3513,                 1.6814,                 1.1782,                 1.1959,              0.0090892,              0.0090892,              0.0090892
                     25,                 1.6662,                 1.2285,                 1.1665,                0.83766,                0.71429,                0.76673,                0.40192,                 1.5648,                 1.1265,                 1.1122,              0.0090496,              0.0090496,              0.0090496
                     26,                 1.6163,                 1.1913,                 1.1172,                 0.8324,                0.68416,                0.76002,                0.35753,                 1.6668,                   1.16,                 1.1493,                0.00901,                0.00901,                0.00901
                     27,                 1.6143,                 1.2278,                 1.1131,                0.83949,                0.69381,                0.75015,                0.36795,                 1.6947,                 1.1656,                 1.1607,              0.0089704,              0.0089704,              0.0089704
                     28,                 1.6647,                 1.1998,                 1.1719,                0.80422,                0.64969,                0.73846,                0.36428,                 1.6751,                 1.1485,                  1.178,              0.0089308,              0.0089308,              0.0089308
                     29,                 1.6682,                 1.2634,                 1.1656,                 0.7252,                0.68878,                0.73762,                 0.3743,                 1.6624,                 1.1862,                 1.1487,              0.0088912,              0.0088912,              0.0088912
                     30,                 1.5082,                 1.1259,                 1.1157,                0.70249,                0.71078,                0.72805,                0.33553,                 1.7262,                 1.2131,                 1.1906,              0.0088516,              0.0088516,              0.0088516
                     31,                 1.4995,                 1.0376,                 1.0282,                0.78555,                 0.7551,                0.78124,                0.39889,                 1.6051,                 1.0826,                  1.132,               0.008812,               0.008812,               0.008812
                     32,                 1.5028,                 1.1006,                 1.0823,                0.84626,                0.76531,                0.80018,                0.38598,                 1.6175,                 1.1041,                 1.1563,              0.0087724,              0.0087724,              0.0087724
                     33,                 1.6018,                 1.1171,                 1.0936,                0.89019,                0.72959,                0.79197,                0.38577,                 1.6537,                 1.1363,                 1.1034,              0.0087328,              0.0087328,              0.0087328
                     34,                 1.5327,                 1.0172,                 1.0607,                0.87085,                0.72449,                0.80471,                0.39114,                 1.6277,                 1.0673,                 1.1293,              0.0086932,              0.0086932,              0.0086932
                     35,                  1.485,                  1.104,                 1.0338,                0.87316,                0.73755,                 0.7829,                0.39843,                 1.6099,                 1.1724,                 1.1196,              0.0086536,              0.0086536,              0.0086536
                     36,                 1.6774,                  1.154,                 1.1507,                0.89605,                0.70365,                 0.7971,                0.39826,                 1.6348,                 1.1251,                 1.1524,               0.008614,               0.008614,               0.008614
                     37,                 1.6246,                 1.1224,                 1.1405,                 0.8723,                 0.7319,                0.80233,                0.40254,                 1.6075,                 1.1586,                 1.1758,              0.0085744,              0.0085744,              0.0085744
                     38,                 1.5653,                 1.1144,                 1.0969,                0.87297,                0.71429,                0.78213,                0.41143,                 1.5711,                 1.0612,                 1.1323,              0.0085348,              0.0085348,              0.0085348
                     39,                 1.4793,                 1.0196,                 1.0622,                0.85604,                0.72816,                0.80493,                0.42982,                 1.5407,                 1.0015,                 1.1201,              0.0084952,              0.0084952,              0.0084952
                     40,                 1.6205,                  1.056,                 1.1296,                0.87236,                0.73226,                0.80672,                0.42092,                 1.5534,                 1.0434,                 1.1259,              0.0084556,              0.0084556,              0.0084556
                     41,                 1.5984,                 1.0818,                 1.1182,                0.94293,                0.75871,                0.79522,                0.42947,                 1.5691,                 1.0423,                 1.1207,               0.008416,               0.008416,               0.008416
                     42,                 1.5405,                 1.0474,                  1.135,                0.88623,                0.75514,                0.79594,                0.40446,                 1.5717,                 1.0811,                 1.1308,              0.0083764,              0.0083764,              0.0083764
                     43,                 1.4155,                 0.9334,                 1.0438,                0.93101,                 0.7449,                0.79613,                0.43726,                  1.564,                  1.049,                 1.1222,              0.0083368,              0.0083368,              0.0083368
                     44,                 1.4936,                0.98279,                 1.0802,                 0.8855,                 0.7551,                0.80168,                0.43328,                 1.5648,                 1.0028,                  1.133,              0.0082972,              0.0082972,              0.0082972
                     45,                 1.4756,                0.97998,                 1.0587,                0.89603,                0.74746,                0.81001,                0.44265,                 1.4667,                 1.0016,                 1.1145,              0.0082576,              0.0082576,              0.0082576
                     46,                 1.4963,                0.97405,                 1.1251,                0.89008,                0.74364,                 0.8247,                 0.4505,                 1.4772,                0.99808,                 1.1487,               0.008218,               0.008218,               0.008218
                     47,                  1.473,                0.98766,                 1.0956,                0.87347,                0.73469,                0.80966,                0.42081,                 1.5616,                0.99403,                 1.1712,              0.0081784,              0.0081784,              0.0081784
                     48,                 1.5049,                0.98433,                 1.1163,                0.85464,                0.73469,                0.80647,                 0.4452,                 1.5408,                0.97849,                 1.1557,              0.0081388,              0.0081388,              0.0081388
                     49,                 1.4247,                0.98265,                 1.0489,                0.85137,                0.72959,                0.81989,                0.43623,                 1.5357,                0.96794,                 1.1744,              0.0080992,              0.0080992,              0.0080992
                     50,                 1.5784,                 1.0915,                 1.1415,                0.87657,                0.73469,                 0.8161,                0.43747,                 1.5029,                 1.0058,                 1.1457,              0.0080596,              0.0080596,              0.0080596
                     51,                 1.5362,                0.96842,                 1.1323,                0.89173,                0.71438,                0.79598,                 0.4255,                 1.4906,                 1.0186,                 1.1375,                0.00802,                0.00802,                0.00802
                     52,                 1.4732,                 1.0186,                 1.0903,                0.86512,                0.72449,                0.81046,                0.43156,                 1.4582,                0.99572,                 1.1161,              0.0079804,              0.0079804,              0.0079804
                     53,                 1.4652,                 1.0081,                 1.0451,                0.85033,                 0.7551,                0.83195,                0.46835,                 1.4881,                0.96282,                 1.0944,              0.0079408,              0.0079408,              0.0079408
                     54,                 1.5273,                 1.1193,                 1.0778,                 0.8447,                0.77551,                0.82282,                0.42973,                 1.5136,                 1.0171,                  1.117,              0.0079012,              0.0079012,              0.0079012
                     55,                 1.5704,                 1.0696,                 1.0973,                0.91125,                0.77041,                0.84258,                0.45258,                 1.4871,                0.98217,                 1.1099,              0.0078616,              0.0078616,              0.0078616
                     56,                  1.454,                0.96718,                 1.0962,                0.92538,                0.75922,                0.84968,                0.47726,                 1.4391,                0.92774,                 1.0641,               0.007822,               0.007822,               0.007822
                     57,                 1.4768,                0.98803,                 1.0491,                0.90913,                0.76567,                0.83019,                0.45976,                 1.4418,                 1.0424,                 1.0262,              0.0077824,              0.0077824,              0.0077824
                     58,                 1.5754,                 1.0441,                 1.1195,                0.89137,                0.75358,                0.82933,                0.47475,                 1.4204,                 1.0808,                 1.0418,              0.0077428,              0.0077428,              0.0077428
                     59,                 1.5288,                 1.0909,                  1.123,                0.92947,                0.73961,                0.82426,                0.46336,                 1.3967,                 1.2521,                 1.0794,              0.0077032,              0.0077032,              0.0077032
                     60,                 1.5093,                  1.029,                 1.1388,                0.88297,                 0.7314,                0.81087,                0.45027,                 1.4557,                0.99334,                  1.112,              0.0076636,              0.0076636,              0.0076636
                     61,                 1.4167,                0.94645,                 1.0527,                0.81207,                0.74961,                0.79644,                0.45227,                  1.488,                 1.0281,                 1.1108,               0.007624,               0.007624,               0.007624
                     62,                 1.4872,                0.98652,                 1.0994,                0.91168,                0.73734,                0.83005,                0.46541,                 1.4484,                0.96244,                 1.0952,              0.0075844,              0.0075844,              0.0075844
                     63,                 1.5007,                0.97998,                 1.1369,                0.88849,                0.77237,                0.83097,                0.46009,                 1.4471,                0.94026,                 1.0974,              0.0075448,              0.0075448,              0.0075448
                     64,                 1.4204,                0.88471,                 1.0737,                0.91036,                0.77551,                0.84194,                0.48448,                 1.4269,                 0.8731,                 1.0729,              0.0075052,              0.0075052,              0.0075052
                     65,                 1.3356,                0.83413,                 1.0045,                0.87961,                0.78279,                0.84564,                 0.4896,                  1.412,                0.89014,                 1.0793,              0.0074656,              0.0074656,              0.0074656
                     66,                 1.3819,                0.86161,                 1.0496,                0.90871,                 0.7551,                0.84418,                0.49256,                 1.3563,                 0.8788,                 1.0386,               0.007426,               0.007426,               0.007426
                     67,                  1.503,                0.94337,                 1.0513,                0.89597,                0.74705,                0.83122,                0.48622,                 1.3889,                0.89732,                 1.0551,              0.0073864,              0.0073864,              0.0073864
                     68,                 1.4464,                0.91684,                 1.0692,                0.92004,                0.77551,                0.84827,                0.49149,                 1.3771,                0.84772,                 1.0668,              0.0073468,              0.0073468,              0.0073468
                     69,                 1.3272,                0.83583,                0.95794,                0.92931,                0.80485,                0.86786,                0.48094,                 1.3916,                0.84706,                 1.0742,              0.0073072,              0.0073072,              0.0073072
                     70,                 1.5018,                0.97855,                 1.1282,                0.88663,                0.79806,                0.85887,                0.48316,                 1.3649,                 0.8513,                 1.0687,              0.0072676,              0.0072676,              0.0072676
                     71,                 1.3244,                0.81885,                 1.0618,                0.94137,                 0.7602,                0.85654,                0.50323,                   1.37,                0.85559,                 1.0756,               0.007228,               0.007228,               0.007228
                     72,                 1.3073,                0.84511,                  1.003,                0.91581,                0.77701,                0.86338,                0.48822,                 1.3627,                0.86234,                  1.084,              0.0071884,              0.0071884,              0.0071884
                     73,                 1.3935,                0.88429,                 1.0716,                0.89097,                0.77041,                 0.8586,                0.50434,                 1.3462,                0.83861,                 1.0692,              0.0071488,              0.0071488,              0.0071488
                     74,                 1.2929,                0.81522,                0.96545,                0.95431,                0.78061,                0.86953,                0.51252,                 1.3554,                0.81907,                 1.0554,              0.0071092,              0.0071092,              0.0071092
                     75,                 1.4156,                0.83769,                 1.0332,                0.92889,                0.78571,                0.86454,                0.50578,                 1.3564,                0.85803,                 1.0644,              0.0070696,              0.0070696,              0.0070696
                     76,                 1.3963,                0.87295,                 1.0754,                0.92765,                0.78501,                0.85164,                0.48887,                 1.3842,                0.85139,                 1.0525,                0.00703,                0.00703,                0.00703
                     77,                 1.5088,                 1.0044,                 1.0954,                0.91417,                0.79082,                0.84063,                0.49072,                 1.3282,                0.84804,                 1.0418,              0.0069904,              0.0069904,              0.0069904
                     78,                 1.3701,                0.88909,                  1.039,                 0.8616,                0.78061,                0.85041,                0.48157,                 1.4023,                0.85924,                 1.0696,              0.0069508,              0.0069508,              0.0069508
                     79,                 1.3097,                0.85238,                 1.0082,                0.88285,                0.80745,                0.87697,                0.51602,                 1.3475,                0.81787,                 1.0316,              0.0069112,              0.0069112,              0.0069112
                     80,                  1.272,                0.75489,                0.98039,                0.90248,                0.80269,                0.87698,                0.49177,                 1.3712,                0.85722,                 1.0314,              0.0068716,              0.0068716,              0.0068716
                     81,                 1.3558,                0.80353,                0.99927,                0.88422,                0.81824,                 0.8719,                 0.5236,                 1.3319,                0.83304,                 1.0438,               0.006832,               0.006832,               0.006832
                     82,                   1.36,                0.83374,                 1.0111,                0.90461,                0.79082,                 0.8614,                0.51709,                 1.3614,                0.81877,                 1.0783,              0.0067924,              0.0067924,              0.0067924
                     83,                 1.3692,                0.88763,                 1.0513,                0.91121,                0.78542,                  0.851,                  0.517,                 1.3204,                0.83393,                  1.046,              0.0067528,              0.0067528,              0.0067528
                     84,                 1.3367,                0.81401,                 1.0181,                0.92769,                0.77551,                0.84703,                0.51298,                 1.3035,                0.83307,                  1.042,              0.0067132,              0.0067132,              0.0067132
                     85,                 1.3271,                0.89917,                 1.0235,                0.94363,                0.78061,                0.86176,                0.53777,                 1.2933,                0.82787,                 1.0187,              0.0066736,              0.0066736,              0.0066736
                     86,                 1.3337,                0.80964,                0.97566,                0.94078,                0.77041,                0.84663,                0.51406,                 1.3339,                0.88078,                 1.0143,               0.006634,               0.006634,               0.006634
                     87,                 1.3214,                0.83385,                 1.0062,                0.87039,                0.78804,                0.85154,                0.52279,                 1.3155,                0.83624,                 1.0326,              0.0065944,              0.0065944,              0.0065944
                     88,                 1.3668,                0.83013,                 1.0387,                0.88118,                0.79461,                0.86127,                0.51893,                 1.3114,                0.81239,                 1.0321,              0.0065548,              0.0065548,              0.0065548
                     89,                 1.2334,                0.75215,                0.95046,                0.92037,                0.78571,                0.86803,                0.52345,                 1.3124,                0.78719,                 1.0325,              0.0065152,              0.0065152,              0.0065152
                     90,                 1.3582,                 0.8478,                 1.0116,                0.90565,                0.78355,                0.87551,                0.53166,                 1.3071,                0.78179,                 1.0314,              0.0064756,              0.0064756,              0.0064756
                     91,                 1.2431,                0.72703,                0.96094,                0.90765,                0.80612,                0.88511,                0.53051,                 1.3198,                0.75932,                 1.0242,               0.006436,               0.006436,               0.006436
                     92,                 1.3278,                0.75669,                 1.0136,                0.92872,                0.80612,                0.86909,                0.50977,                  1.344,                0.81807,                 1.0283,              0.0063964,              0.0063964,              0.0063964
                     93,                  1.394,                0.89734,                 1.0267,                0.89068,                0.78977,                0.85732,                0.48175,                 1.4014,                0.84979,                 1.0718,              0.0063568,              0.0063568,              0.0063568
                     94,                 1.2284,                0.78391,                0.94906,                0.88579,                0.77551,                0.86234,                0.50741,                 1.3692,                0.85631,                   1.07,              0.0063172,              0.0063172,              0.0063172
                     95,                 1.4234,                0.84992,                 1.0639,                0.91868,                0.80696,                0.88357,                0.54391,                 1.3028,                0.78335,                 1.0495,              0.0062776,              0.0062776,              0.0062776
                     96,                  1.332,                0.78934,                 1.0047,                0.88473,                0.82236,                0.88494,                0.53262,                 1.2961,                0.79485,                  1.034,               0.006238,               0.006238,               0.006238
                     97,                 1.2914,                0.83067,                0.97384,                0.89849,                0.82143,                0.88794,                0.54698,                 1.2375,                0.77189,                  1.004,              0.0061984,              0.0061984,              0.0061984
                     98,                 1.3099,                0.81824,                 1.0147,                0.90382,                0.81508,                0.86977,                0.54972,                 1.2325,                0.79393,                0.99087,              0.0061588,              0.0061588,              0.0061588
                     99,                 1.2863,                0.78578,                 1.0255,                0.92142,                0.81633,                 0.8697,                0.53282,                  1.271,                0.80738,                 1.0182,              0.0061192,              0.0061192,              0.0061192
                    100,                 1.2788,                0.79025,                0.99003,                0.93489,                0.80584,                0.88516,                0.52924,                 1.2973,                0.75014,                 1.0247,              0.0060796,              0.0060796,              0.0060796
                    101,                 1.2137,                0.72653,                0.93908,                 0.9107,                0.83252,                0.88145,                0.53897,                 1.2675,                0.76167,                 1.0174,                0.00604,                0.00604,                0.00604
                    102,                 1.1473,                0.74339,                0.91089,                0.91763,                0.80612,                0.87403,                0.51935,                  1.309,                0.82441,                 1.0285,              0.0060004,              0.0060004,              0.0060004
                    103,                 1.3272,                0.78897,                 1.0012,                0.91485,                0.82221,                0.87846,                0.54435,                 1.2828,                0.79468,                 1.0166,              0.0059608,              0.0059608,              0.0059608
                    104,                 1.2614,                0.75895,                0.98702,                0.94612,                0.80626,                   0.88,                0.54079,                 1.3008,                0.80331,                 1.0274,              0.0059212,              0.0059212,              0.0059212
                    105,                 1.3206,                0.80549,                 1.0353,                0.94589,                0.83163,                0.88654,                0.53949,                 1.2928,                0.78175,                 1.0199,              0.0058816,              0.0058816,              0.0058816
                    106,                 1.2924,                0.79972,                0.98971,                0.92885,                0.79929,                0.87507,                0.52099,                 1.3451,                0.82363,                 1.0334,               0.005842,               0.005842,               0.005842
                    107,                 1.1635,                0.72316,                0.89338,                0.94473,                0.78483,                0.88272,                0.54499,                 1.2944,                0.80236,                 1.0076,              0.0058024,              0.0058024,              0.0058024
                    108,                 1.1848,                0.72941,                 0.8941,                0.95218,                0.78061,                0.88364,                0.55353,                 1.2703,                 0.7814,                0.99816,              0.0057628,              0.0057628,              0.0057628
                    109,                 1.1579,                0.70098,                0.89944,                0.86798,                0.83858,                0.88556,                0.54767,                 1.3054,                0.77751,                 1.0065,              0.0057232,              0.0057232,              0.0057232
                    110,                 1.2906,                0.76015,                0.96601,                0.87427,                0.82653,                 0.8987,                0.54396,                 1.2939,                0.77821,                 0.9933,              0.0056836,              0.0056836,              0.0056836
                    111,                 1.2611,                0.76287,                0.95108,                0.94603,                0.77551,                0.87196,                0.54386,                 1.3011,                0.78654,                0.99925,               0.005644,               0.005644,               0.005644
                    112,                 1.1939,                0.72957,                0.93881,                0.94965,                0.76987,                0.88536,                0.56276,                 1.2714,                0.73579,                 1.0033,              0.0056044,              0.0056044,              0.0056044
                    113,                 1.1667,                0.69488,                0.91143,                0.92066,                0.82891,                0.89742,                0.56323,                 1.2471,                0.72453,                0.99049,              0.0055648,              0.0055648,              0.0055648
                    114,                 1.2091,                0.72293,                0.91079,                0.91479,                0.81633,                0.89963,                0.56507,                  1.237,                0.73484,                0.99907,              0.0055252,              0.0055252,              0.0055252
                    115,                 1.2063,                0.78741,                 0.9197,                0.80638,                0.78571,                0.84265,                0.51932,                 1.2486,                0.87615,                 1.0052,              0.0054856,              0.0054856,              0.0054856
                    116,                 1.3191,                0.78187,                0.98875,                0.78732,                0.81216,                0.86661,                0.55414,                 1.1961,                0.80605,                0.97559,               0.005446,               0.005446,               0.005446
                    117,                 1.3344,                0.76711,                 1.0047,                0.89291,                 0.8083,                0.88806,                0.56452,                 1.2006,                 0.7374,                0.97416,              0.0054064,              0.0054064,              0.0054064
                    118,                 1.2167,                0.78151,                0.91042,                0.96693,                 0.7458,                0.87128,                0.56194,                 1.2372,                0.79153,                0.97015,              0.0053668,              0.0053668,              0.0053668
                    119,                 1.1472,                0.72301,                0.87902,                0.90909,                 0.8673,                0.90139,                0.55723,                  1.241,                 0.7439,                0.97613,              0.0053272,              0.0053272,              0.0053272
                    120,                  1.203,                0.74342,                 0.9434,                0.95874,                0.82993,                0.90268,                0.58083,                 1.1681,                0.71418,                0.95444,              0.0052876,              0.0052876,              0.0052876
                    121,                 1.1583,                0.71171,                0.91136,                0.95274,                0.80612,                0.90011,                0.57335,                 1.2038,                0.71165,                0.96792,               0.005248,               0.005248,               0.005248
                    122,                 1.2896,                0.74653,                0.97157,                0.93432,                0.79834,                0.88077,                 0.5239,                 1.3416,                0.84221,                  1.019,              0.0052084,              0.0052084,              0.0052084
                    123,                 1.1208,                0.63758,                0.86535,                0.91653,                0.81122,                 0.8762,                0.56662,                 1.2377,                0.79675,                0.98187,              0.0051688,              0.0051688,              0.0051688
                    124,                 1.1731,                0.70311,                0.96284,                0.93503,                0.80771,                0.90212,                0.57429,                 1.2218,                0.72734,                 0.9915,              0.0051292,              0.0051292,              0.0051292
                    125,                 1.2697,                0.76892,                0.96751,                0.92785,                0.80102,                0.89591,                0.58206,                 1.2295,                0.74245,                0.98033,              0.0050896,              0.0050896,              0.0050896
                    126,                 1.2285,                0.74029,                0.95052,                0.95583,                0.79592,                0.89429,                0.55199,                 1.3051,                 0.7535,                 1.0195,                0.00505,                0.00505,                0.00505
                    127,                 1.1839,                0.69628,                0.90645,                0.91948,                0.81563,                0.89213,                0.53654,                 1.3105,                0.76179,                 1.0236,              0.0050104,              0.0050104,              0.0050104
                    128,                  1.224,                 0.7553,                0.99483,                0.93499,                0.78061,                0.89064,                0.55863,                 1.2598,                0.74805,                 1.0009,              0.0049708,              0.0049708,              0.0049708
                    129,                 1.2015,                0.79329,                0.94356,                0.90327,                0.82143,                0.89936,                0.57449,                 1.1953,                0.71274,                0.97393,              0.0049312,              0.0049312,              0.0049312
                    130,                 1.1956,                0.71771,                0.99066,                0.90709,                0.82653,                0.89195,                0.57662,                 1.1635,                0.70031,                0.96037,              0.0048916,              0.0048916,              0.0048916
                    131,                 1.1559,                0.70905,                0.93921,                0.89373,                0.85814,                0.91157,                0.58664,                 1.1745,                0.72935,                0.95702,               0.004852,               0.004852,               0.004852
                    132,                 1.1565,                0.69508,                 0.9159,                0.90098,                0.88207,                0.91978,                0.59471,                 1.1781,                 0.6823,                0.95939,              0.0048124,              0.0048124,              0.0048124
                    133,                 1.2756,                 0.8346,                 1.0047,                0.92708,                0.83163,                0.91347,                0.57433,                  1.247,                0.67397,                0.98345,              0.0047728,              0.0047728,              0.0047728
                    134,                 1.2446,                0.77471,                   0.92,                0.92956,                0.84694,                0.91084,                0.58378,                 1.2372,                0.71697,                0.98106,              0.0047332,              0.0047332,              0.0047332
                    135,                 1.1894,                 0.7275,                0.92947,                0.93272,                0.84875,                0.91105,                0.59641,                 1.2111,                0.70141,                0.97156,              0.0046936,              0.0046936,              0.0046936
                    136,                 1.1221,                0.69755,                0.89626,                0.90659,                0.84181,                0.91394,                0.59381,                 1.1751,                0.66614,                0.95416,               0.004654,               0.004654,               0.004654
                    137,                 1.1178,                0.69121,                0.89663,                0.94181,                0.84694,                0.92474,                0.58379,                 1.2001,                0.66437,                0.97231,              0.0046144,              0.0046144,              0.0046144
                    138,                 1.2922,                0.76847,                0.97249,                0.93284,                0.85035,                0.91735,                0.57126,                 1.2009,                0.68682,                0.98613,              0.0045748,              0.0045748,              0.0045748
                    139,                 1.1622,                0.75438,                 0.9105,                 0.9327,                0.84694,                0.91953,                0.58072,                 1.1936,                0.69614,                0.95814,              0.0045352,              0.0045352,              0.0045352
                    140,                 1.3468,                0.78424,                0.98889,                0.94063,                0.87245,                0.92284,                0.60849,                 1.1625,                0.66749,                0.95366,              0.0044956,              0.0044956,              0.0044956
                    141,                 1.0905,                0.68111,                0.84408,                0.93342,                0.85841,                0.92422,                0.61494,                 1.1249,                 0.6702,                0.94748,               0.004456,               0.004456,               0.004456
                    142,                   1.14,                0.68001,                0.89463,                0.93688,                0.83296,                0.91553,                0.60535,                 1.1396,                0.70172,                0.93979,              0.0044164,              0.0044164,              0.0044164
                    143,                 1.1067,                 0.6742,                0.87863,                0.92177,                0.84694,                0.91188,                0.60692,                 1.1486,                0.68333,                0.94677,              0.0043768,              0.0043768,              0.0043768
                    144,                 1.1404,                0.69522,                0.91084,                0.96508,                0.84601,                0.92108,                0.61831,                 1.1215,                0.64615,                0.93485,              0.0043372,              0.0043372,              0.0043372
                    145,                 1.1554,                0.70358,                0.89877,                0.92308,                0.85717,                0.92732,                0.62543,                 1.1041,                0.64651,                 0.9355,              0.0042976,              0.0042976,              0.0042976
                    146,                 1.0543,                0.61784,                0.84862,                0.93002,                0.86224,                0.92754,                0.62624,                 1.1126,                0.65285,                0.93716,               0.004258,               0.004258,               0.004258
                    147,                 1.1723,                0.71055,                0.95523,                0.96625,                0.84184,                0.93209,                0.63134,                 1.1007,                0.67119,                0.92625,              0.0042184,              0.0042184,              0.0042184
                    148,                 1.1565,                0.69488,                0.91888,                0.94469,                0.87147,                0.93543,                 0.6152,                 1.1293,                0.67327,                0.93657,              0.0041788,              0.0041788,              0.0041788
                    149,                 1.1987,                0.73843,                0.96094,                0.91988,                0.86735,                0.93277,                0.62706,                 1.0991,                0.64375,                0.93202,              0.0041392,              0.0041392,              0.0041392
                    150,                 1.1035,                0.66175,                0.90369,                0.94624,                0.86735,                0.93125,                0.62991,                  1.085,                0.62672,                 0.9297,              0.0040996,              0.0040996,              0.0040996
                    151,                 1.2349,                0.72923,                0.95489,                0.90975,                 0.8743,                0.93623,                0.63223,                  1.074,                0.61652,                0.92267,                0.00406,                0.00406,                0.00406
                    152,                 1.1356,                0.66784,                0.90204,                0.93203,                0.88265,                0.94256,                0.63147,                  1.071,                0.62636,                0.91653,              0.0040204,              0.0040204,              0.0040204
                    153,                 1.2571,                0.72964,                0.97083,                 0.9328,                0.89796,                0.94209,                0.62701,                 1.0842,                0.62568,                0.92479,              0.0039808,              0.0039808,              0.0039808
                    154,                 1.1354,                0.65428,                0.89584,                0.94601,                0.88776,                0.94036,                0.61504,                 1.1051,                0.65855,                0.93101,              0.0039412,              0.0039412,              0.0039412
                    155,                 1.2307,                0.70821,                0.98604,                0.95612,                0.88932,                0.94094,                0.61533,                 1.0985,                0.63668,                0.93418,              0.0039016,              0.0039016,              0.0039016
                    156,                 1.1336,                0.67984,                0.91463,                0.95496,                0.86542,                0.93536,                0.61851,                 1.1011,                0.65345,                0.93087,               0.003862,               0.003862,               0.003862
                    157,                 1.1007,                0.64807,                0.86796,                0.93701,                0.83479,                 0.9294,                 0.6177,                 1.1302,                0.67787,                0.93839,              0.0038224,              0.0038224,              0.0038224
                    158,                 1.2418,                0.72599,                0.97258,                0.92873,                0.86428,                0.93098,                0.60569,                 1.1176,                0.65269,                0.94211,              0.0037828,              0.0037828,              0.0037828
                    159,                 1.1973,                0.69633,                0.91045,                0.94961,                0.87755,                0.93659,                0.62152,                 1.0885,                0.63542,                 0.9312,              0.0037432,              0.0037432,              0.0037432
                    160,                 1.0427,                0.61111,                0.83702,                0.95252,                0.86735,                0.94293,                0.62042,                 1.0667,                0.62063,                0.91216,              0.0037036,              0.0037036,              0.0037036
                    161,                 1.0904,                0.66494,                 0.9176,                0.92514,                0.88269,                0.94437,                0.64445,                  1.049,                0.59846,                0.89833,               0.003664,               0.003664,               0.003664
                    162,                 1.0747,                0.60458,                0.86539,                0.94389,                0.87755,                0.94187,                0.64731,                 1.0566,                  0.601,                0.90493,              0.0036244,              0.0036244,              0.0036244
                    163,                 1.0875,                0.64347,                 0.8761,                 0.9512,                0.89796,                0.94888,                0.63704,                 1.0795,                0.59533,                0.91587,              0.0035848,              0.0035848,              0.0035848
                    164,                 1.1507,                 0.6594,                0.90798,                0.96075,                0.88265,                0.94168,                0.64225,                 1.0634,                0.62818,                0.90654,              0.0035452,              0.0035452,              0.0035452
                    165,                 1.1106,                0.62947,                0.88518,                0.95621,                0.88265,                0.93398,                0.61977,                 1.0863,                0.65858,                0.91299,              0.0035056,              0.0035056,              0.0035056
                    166,                 1.0687,                0.63479,                0.88032,                0.96813,                0.88265,                0.93709,                0.64764,                 1.0397,                0.60416,                0.90368,               0.003466,               0.003466,               0.003466
                    167,                 1.0988,                0.65105,                 0.8922,                0.96618,                0.87755,                0.93318,                0.65486,                 1.0365,                0.57781,                0.90595,              0.0034264,              0.0034264,              0.0034264
                    168,                 1.0191,                0.62196,                0.84351,                0.95513,                0.86876,                0.93644,                0.64862,                 1.0329,                0.57958,                0.90488,              0.0033868,              0.0033868,              0.0033868
                    169,                 1.0825,                0.60996,                0.87706,                0.97136,                0.86524,                0.93991,                0.66217,                 1.0087,                0.56804,                0.89334,              0.0033472,              0.0033472,              0.0033472
                    170,                 1.1348,                0.66525,                0.90257,                0.96137,                0.86224,                0.93796,                0.65711,                 1.0127,                0.59005,                0.89432,              0.0033076,              0.0033076,              0.0033076
                    171,                 1.0812,                0.62107,                0.89513,                0.96573,                0.86255,                0.93867,                0.64453,                 1.0254,                0.58546,                0.89812,               0.003268,               0.003268,               0.003268
                    172,                 1.0877,                 0.6353,                0.88186,                0.97674,                0.85708,                0.93636,                 0.6403,                 1.0456,                0.57661,                0.91114,              0.0032284,              0.0032284,              0.0032284
                    173,                 1.1307,                0.66682,                0.89348,                0.97739,                0.88239,                0.94467,                0.65497,                 1.0139,                0.57301,                0.89537,              0.0031888,              0.0031888,              0.0031888
                    174,                 1.0974,                0.69818,                0.89722,                0.94285,                0.88265,                0.93637,                 0.6487,                 1.0389,                0.57759,                0.90472,              0.0031492,              0.0031492,              0.0031492
                    175,                 1.1554,                0.67288,                0.91044,                0.94999,                0.87236,                0.93577,                0.64688,                 1.0431,                0.57703,                0.90276,              0.0031096,              0.0031096,              0.0031096
                    176,                 1.1208,                0.64632,                0.92401,                 0.9477,                0.88265,                0.93816,                 0.6458,                 1.0657,                0.57261,                0.90879,                0.00307,                0.00307,                0.00307
                    177,                 1.1473,                0.63081,                 0.9271,                0.94614,                0.88776,                0.93601,                0.65076,                 1.0408,                0.56224,                0.89717,              0.0030304,              0.0030304,              0.0030304
                    178,                 1.0733,                0.65039,                0.88756,                0.95024,                0.87245,                0.93574,                0.63748,                 1.0575,                0.57778,                0.89957,              0.0029908,              0.0029908,              0.0029908
                    179,                 1.0425,                0.59506,                0.87883,                 0.9556,                0.87853,                0.94261,                0.64032,                 1.0508,                 0.5913,                0.89488,              0.0029512,              0.0029512,              0.0029512
                    180,                 1.0563,                0.62081,                0.89139,                0.96988,                0.87755,                0.93956,                 0.6375,                 1.0625,                 0.5972,                0.89486,              0.0029116,              0.0029116,              0.0029116
                    181,                 1.1009,                0.67188,                0.89243,                0.98118,                0.87245,                0.94254,                0.63037,                 1.0769,                 0.5659,                0.90362,               0.002872,               0.002872,               0.002872
                    182,                 1.1073,                0.64065,                0.90025,                0.96229,                0.87245,                0.95093,                0.65716,                 1.0169,                0.54143,                 0.8876,              0.0028324,              0.0028324,              0.0028324
                    183,                 1.1209,                0.64774,                 0.8893,                0.97964,                0.87755,                0.96205,                0.66163,                0.98467,                0.53781,                0.87742,              0.0027928,              0.0027928,              0.0027928
                    184,                0.99809,                0.58165,                0.84062,                0.97159,                0.86735,                0.94958,                 0.6783,                0.95445,                0.54831,                 0.8676,              0.0027532,              0.0027532,              0.0027532
                    185,                 1.0331,                0.59648,                0.85783,                0.97684,                 0.8608,                0.94812,                0.67724,                0.95938,                0.54205,                0.87305,              0.0027136,              0.0027136,              0.0027136
                    186,                0.97956,                0.60562,                0.83336,                0.95142,                0.88265,                0.95785,                0.67403,                0.97591,                0.54251,                0.87645,               0.002674,               0.002674,               0.002674
                    187,                0.98176,                0.58598,                0.81226,                0.96606,                0.87126,                0.95923,                0.67039,                0.98277,                0.56479,                0.87344,              0.0026344,              0.0026344,              0.0026344
                    188,                 1.1142,                0.62428,                0.88614,                0.96441,                0.87245,                0.95719,                0.67596,                0.97932,                0.56888,                0.86991,              0.0025948,              0.0025948,              0.0025948
                    189,                 1.0407,                 0.6061,                0.88551,                0.95322,                0.89286,                0.95573,                0.67815,                0.97415,                 0.5662,                0.87017,              0.0025552,              0.0025552,              0.0025552
                    190,                0.95988,                0.58312,                0.82464,                0.95216,                0.89286,                 0.9563,                0.67135,                0.99535,                 0.5548,                0.87853,              0.0025156,              0.0025156,              0.0025156
                    191,                 1.0114,                0.56584,                 0.8403,                0.96475,                0.89796,                0.95826,                0.67452,                0.97811,                0.54835,                0.86771,               0.002476,               0.002476,               0.002476
                    192,                 0.9486,                0.53684,                0.83354,                0.96416,                0.89796,                0.95766,                0.66882,                0.99897,                0.55951,                0.87084,              0.0024364,              0.0024364,              0.0024364
                    193,                 1.0539,                 0.5876,                0.86581,                0.96037,                0.89286,                0.95837,                0.66687,                 1.0006,                0.56521,                0.87156,              0.0023968,              0.0023968,              0.0023968
                    194,                 1.0574,                0.63751,                0.81915,                0.97456,                0.87755,                0.95015,                0.67164,                0.98934,                0.54897,                0.87187,              0.0023572,              0.0023572,              0.0023572
                    195,                 1.0508,                 0.5935,                0.87656,                 0.9721,                0.88894,                0.95178,                 0.6763,                0.98669,                 0.5489,                0.87197,              0.0023176,              0.0023176,              0.0023176
                    196,                 1.0779,                0.60792,                0.91695,                0.96127,                0.88634,                0.95081,                0.67112,                0.96974,                0.56491,                0.86793,               0.002278,               0.002278,               0.002278
                    197,                 1.0225,                0.59928,                0.84722,                0.97393,                0.89286,                0.95022,                0.67562,                0.94761,                0.57765,                0.85967,              0.0022384,              0.0022384,              0.0022384
                    198,                 1.0057,                 0.5967,                0.88085,                 0.9725,                0.90206,                0.95203,                0.68441,                0.93561,                0.55178,                0.85532,              0.0021988,              0.0021988,              0.0021988
                    199,                0.96003,                0.57702,                0.84659,                0.97437,                0.90816,                0.95928,                0.69194,                0.91572,                0.52557,                 0.8548,              0.0021592,              0.0021592,              0.0021592
                    200,                0.97489,                0.63422,                0.84959,                0.98289,                0.90306,                0.96077,                0.70088,                0.91635,                0.52198,                0.85498,              0.0021196,              0.0021196,              0.0021196
                    201,                0.95594,                0.55106,                0.83114,                0.99431,                 0.8918,                0.95883,                0.69631,                0.94602,                0.53604,                0.86266,                0.00208,                0.00208,                0.00208
                    202,                 1.0257,                 0.6129,                0.87674,                0.96162,                0.90816,                0.96264,                0.69718,                0.93481,                0.53718,                0.85691,              0.0020404,              0.0020404,              0.0020404
                    203,                0.95216,                0.56041,                0.84143,                0.97349,                0.90306,                0.96251,                0.69578,                0.92359,                0.54899,                0.85206,              0.0020008,              0.0020008,              0.0020008
                    204,                0.93477,                0.56738,                0.81744,                0.98301,                0.88542,                0.96376,                0.68523,                0.94794,                0.54074,                0.85753,              0.0019612,              0.0019612,              0.0019612
                    205,                 1.0693,                0.59729,                0.88901,                0.96428,                0.88776,                0.95941,                0.68678,                0.95544,                0.53959,                0.86402,              0.0019216,              0.0019216,              0.0019216
                    206,                0.99182,                0.57279,                0.84892,                0.97244,                0.90009,                 0.9658,                0.68016,                  0.977,                0.53101,                0.86754,               0.001882,               0.001882,               0.001882
                    207,                0.99545,                0.55442,                0.84991,                0.97782,                0.89958,                0.96777,                0.69442,                  0.936,                0.52691,                0.85616,              0.0018424,              0.0018424,              0.0018424
                    208,                 1.0407,                 0.6263,                 0.8822,                0.96396,                0.90306,                0.96769,                0.70941,                0.90787,                0.51883,                0.84883,              0.0018028,              0.0018028,              0.0018028
                    209,                0.95105,                0.55169,                0.82537,                0.97918,                0.89796,                0.96782,                0.70983,                 0.9029,                0.51091,                0.84832,              0.0017632,              0.0017632,              0.0017632
                    210,                0.97294,                0.55687,                0.85911,                0.99043,                0.89796,                0.96958,                0.70263,                0.90644,                0.50463,                0.84931,              0.0017236,              0.0017236,              0.0017236
                    211,                0.93596,                0.52422,                 0.7967,                 0.9888,                0.90088,                0.96955,                0.70801,                 0.8862,                0.50059,                0.84321,               0.001684,               0.001684,               0.001684
                    212,                 0.9215,                0.52596,                0.81066,                0.98867,                0.89027,                0.96701,                0.70742,                0.89065,                0.50642,                0.84199,              0.0016444,              0.0016444,              0.0016444
                    213,                0.95657,                 0.5595,                0.80778,                0.98873,                0.89553,                0.96621,                0.70794,                 0.8867,                0.51435,                0.83779,              0.0016048,              0.0016048,              0.0016048
                    214,                0.87421,                0.54414,                0.77978,                0.98649,                0.90816,                0.96718,                 0.7067,                0.89158,                0.50956,                0.84138,              0.0015652,              0.0015652,              0.0015652
                    215,                0.95143,                0.52495,                 0.8327,                0.98186,                0.91327,                0.96754,                0.71133,                0.88144,                0.50095,                0.83932,              0.0015256,              0.0015256,              0.0015256
                    216,                0.95975,                0.56219,                0.80666,                0.95336,                0.93866,                 0.9701,                0.70368,                 0.8797,                0.49758,                0.84098,               0.001486,               0.001486,               0.001486
                    217,                0.95138,                 0.5798,                 0.8198,                0.97601,                0.92347,                0.97164,                0.71222,                  0.886,                0.50772,                0.84055,              0.0014464,              0.0014464,              0.0014464
                    218,                 0.9692,                0.55316,                0.85965,                0.98905,                0.92189,                0.97129,                0.71173,                 0.8853,                0.50502,                0.84177,              0.0014068,              0.0014068,              0.0014068
                    219,                0.99445,                0.55065,                0.85729,                0.98389,                0.91837,                 0.9691,                0.72201,                0.86414,                0.50126,                0.83537,              0.0013672,              0.0013672,              0.0013672
                    220,                0.95765,                0.54603,                0.84936,                0.97822,                0.91674,                0.96674,                0.70988,                0.87792,                0.51092,                0.84007,              0.0013276,              0.0013276,              0.0013276
                    221,                0.94672,                  0.587,                0.82583,                0.98073,                0.92857,                0.96717,                0.70653,                0.88577,                0.50859,                0.84325,               0.001288,               0.001288,               0.001288
                    222,                0.96112,                0.52573,                0.83709,                0.98373,                0.92547,                0.96659,                0.72356,                0.85325,                0.49304,                0.83394,              0.0012484,              0.0012484,              0.0012484
                    223,                0.88543,                0.50555,                0.79008,                0.97466,                0.92347,                0.96454,                0.71941,                0.85869,                0.49242,                0.83377,              0.0012088,              0.0012088,              0.0012088
                    224,                0.94933,                0.54022,                0.85069,                0.98579,                0.92347,                0.96669,                0.72248,                0.84136,                0.48762,                0.82909,              0.0011692,              0.0011692,              0.0011692
                    225,                0.93557,                0.58895,                0.82006,                 0.9807,                0.92347,                0.96692,                0.71711,                0.84388,                0.48268,                0.83001,              0.0011296,              0.0011296,              0.0011296
                    226,                0.89394,                0.55072,                0.81031,                0.98628,                0.92347,                 0.9675,                0.71878,                0.83396,                0.47926,                0.82983,                0.00109,                0.00109,                0.00109
                    227,                0.93213,                0.52733,                0.83085,                0.98368,                0.92262,                0.96635,                0.72298,                0.83699,                0.48072,                0.83108,              0.0010504,              0.0010504,              0.0010504
                    228,                 0.9855,                0.60029,                0.82999,                0.98357,                0.91628,                0.96632,                0.72316,                  0.823,                 0.4739,                0.82813,              0.0010108,              0.0010108,              0.0010108
                    229,                0.85703,                0.50657,                0.76366,                0.98905,                0.92209,                0.96659,                0.72921,                0.80335,                0.47426,                0.82345,              0.0009712,              0.0009712,              0.0009712
                    230,                 0.9067,                 0.5475,                0.81603,                 0.9798,                0.91837,                0.96623,                 0.7214,                0.82254,                0.49315,                0.82554,              0.0009316,              0.0009316,              0.0009316
                    231,                0.87412,                0.50594,                0.78403,                0.97743,                0.92857,                0.96652,                 0.7262,                0.82545,                0.49189,                0.82621,               0.000892,               0.000892,               0.000892
                    232,                 0.9374,                0.53514,                0.82201,                0.97832,                0.92089,                0.96657,                0.73182,                0.81672,                0.48592,                0.82327,              0.0008524,              0.0008524,              0.0008524
                    233,                0.80731,                0.46947,                0.73745,                0.98354,                0.91445,                0.96181,                0.72923,                 0.8228,                0.48645,                0.82458,              0.0008128,              0.0008128,              0.0008128
                    234,                0.87395,                0.53896,                 0.7883,                0.96671,                0.91837,                0.96209,                0.72539,                0.83059,                0.49173,                0.82408,              0.0007732,              0.0007732,              0.0007732
                    235,                 1.0173,                0.58638,                0.87199,                0.98023,                0.91837,                0.96757,                0.72805,                0.81986,                0.48104,                0.82234,              0.0007336,              0.0007336,              0.0007336
                    236,                0.83495,                0.48581,                0.77655,                0.98367,                0.92179,                0.96883,                0.73784,                0.81123,                0.47696,                0.81866,               0.000694,               0.000694,               0.000694
                    237,                0.88546,                0.52119,                0.76051,                0.98364,                0.92028,                0.96915,                0.73316,                0.81621,                0.47319,                0.82119,              0.0006544,              0.0006544,              0.0006544
                    238,                0.89237,                0.51333,                0.79924,                0.98365,                0.92081,                0.96998,                0.73264,                0.81796,                0.46847,                0.82062,              0.0006148,              0.0006148,              0.0006148
                    239,                 0.8353,                0.48915,                0.79821,                0.98364,                0.92048,                0.97045,                0.73794,                 0.8079,                0.47061,                0.81556,              0.0005752,              0.0005752,              0.0005752
                    240,                0.91054,                0.50823,                0.77956,                0.97589,                0.90816,                0.96422,                0.72008,                0.85692,                0.49046,                0.82626,              0.0005356,              0.0005356,              0.0005356
                    241,                0.90134,                0.55069,                0.78179,                0.97019,                0.91327,                0.96782,                 0.7208,                0.85278,                0.49121,                0.82316,               0.000496,               0.000496,               0.000496
                    242,                0.86748,                0.48587,                0.78847,                0.97836,                0.92255,                0.96798,                0.72536,                0.83688,                0.48756,                0.81934,              0.0004564,              0.0004564,              0.0004564
                    243,                0.81921,                0.46531,                0.77459,                0.97823,                0.91702,                0.96905,                0.72282,                0.83328,                0.48442,                0.81811,              0.0004168,              0.0004168,              0.0004168
                    244,                 0.8481,                0.48552,                0.78095,                0.97816,                0.91414,                0.96771,                0.71764,                0.85675,                0.49279,                0.82229,              0.0003772,              0.0003772,              0.0003772
                    245,                0.88915,                0.49787,                0.79435,                  0.973,                0.91937,                0.97028,                0.72505,                0.84628,                0.48652,                0.81994,              0.0003376,              0.0003376,              0.0003376
                    246,                 0.8294,                0.46256,                0.76381,                0.97413,                0.91327,                0.97066,                0.72812,                 0.8391,                0.48419,                0.81786,               0.000298,               0.000298,               0.000298
                    247,                0.83585,                0.47895,                0.77592,                0.97801,                0.90769,                0.96958,                0.73028,                0.83501,                0.48003,                0.81607,              0.0002584,              0.0002584,              0.0002584
                    248,                0.81578,                0.47682,                0.77583,                0.97809,                0.91114,                0.97079,                0.72951,                0.82411,                0.47235,                0.81424,              0.0002188,              0.0002188,              0.0002188
                    249,                0.79888,                0.46545,                0.73789,                0.97277,                0.91128,                 0.9697,                 0.7285,                0.82531,                0.47672,                0.81368,              0.0001792,              0.0001792,              0.0001792
